capture_artist_project_title,week1,week2,week3,week4,week5,week6,week7,week8,week9,week10,week11,week12
T.S.O.L - THE TRIGGER COMPLEX,139,49,22,12,8,11,5,4,8,7,4,2
MANHATTAN TRANSFER & TAKE 6 - THE SUMMIT-LIVE ON SOUNDSTAGE,16,12,3,5,5,8,11,10,10,11,9,5
PRAYERS - BAPTISM OF THIEVES,124,38,24,16,13,12,4,12,6,11,13,9
ANNA TERNHEIM - ALL THE WAY TO RIO,112,122,50,27,26,23,19,23,21,24,16,18
FOR THE FALLEN DREAMS - SIX,368,75,40,66,90,82,54,52,37,42,49,38
GOLDFINGER - THE KNIFE,1165,315,181,119,96,70,62,55,58,51,25,33
"PETULA CLARK - I COULDN’T LIVE WITHOUT YOUR LOVE – HITS, CLASSICS & MORE",21,5,12,25,12,14,6,6,8,11,8,13
HOLY GHOST! & THE CHUCK DAVIS ORCHESTRA - ANXIOUS / SPIRIT OF SUNSHINE,40,20,5,8,4,6,5,5,6,3,3,4
URIAH HEEP - YOUR TURN TO REMEMBER: THE DEFINITIVE ANTHOLOGY 1970 – 1990,57,17,5,5,4,5,5,8,4,6,6,7
BLUES TRAVELER - HURRY UP & HANG AROUND,272,40,38,29,35,29,7,13,5,9,8,11
POHLMANN - WEGGEFäHRTEN,271,106,63,44,48,47,60,45,40,11,12,14
MIKE + THE MECHANICS - MIKE + THE MECHANICS,9,3,3,4,4,2,5,4,9,9,11,5
"EMERSON, LAKE & PALMER - WELCOME BACK MY FRIENDS, TO THE SHOW THAT NEVER ENDS - LADIES AND GENTLEMEN",12,8,9,9,5,11,8,12,7,44,53,19
DIO - ANGRY MACHINES,17,9,10,6,7,8,4,3,5,5,8,8
KEITH RICHARDS - MAIN OFFENDER,8,41,10,6,5,4,5,7,6,4,7,7
KREATOR - RENEWAL,43,13,8,7,3,5,1,2,3,2,7,2
DAVE HAUSE - BURY ME IN PHILLY,902,221,119,106,78,57,37,32,26,28,32,31
THE SHERLOCKS - LIVE FOR THE MOMENT,20,9,4,4,3,1,1,1,2,2,3,3
AT THE DRIVE-IN - IN•TER A•LI•A,3504,776,301,222,215,187,116,103,101,71,63,69
GILBERT O'SULLIVAN - GILBERT O'SULLIVAN,60,17,12,4,5,4,2,3,2,5,5,2
DEAD LETTER CIRCUS - DEAD LETTER CIRCUS,905,131,77,49,38,24,17,18,13,18,10,26
ERASURE - SINGLES - EBX4,36,11,8,12,11,12,2,5,1,1,2,1
FRANK IERO AND THE PATIENCE - PARACHUTES,988,519,84,69,63,34,26,52,33,140,59,37
VARIOUS ARTISTS - EXTEND THE 80S - CLUB,12,3,3,1,1,1,3,2,5,4,1,-1
GODSMACK - WHEN LEGENDS RISE,13094,3382,2042,1764,1352,1243,1076,1013,836,905,881,821
JASON ALDEAN - REARVIEW TOWN,27999,7052,3919,2954,2472,2293,2007,1733,1514,2113,1499,1475
BOY GEORGE & CULTURE CLUB - LIFE,1803,521,289,139,108,97,38,90,215,79,72,104
CHRIS REA - ROAD SONGS FOR LOVERS,1696,467,318,228,254,138,90,85,93,93,204,68
"EMERSON, LAKE & PALMER - IN THE HOT SEAT",16,10,5,8,9,4,3,5,3,6,0,3
KREATOR - PLEASURE TO KILL,5,29,31,12,9,8,9,10,3,6,7,4
SHED SEVEN - INSTANT PLEASURES,22,4,1,1,4,1,4,3,1,3,3,2
EARL - TONGUE TIED,442,80,53,47,24,16,18,31,27,14,7,10
BENJAMIN FRANCIS LEFTWICH - AFTER THE RAIN,7,4,1,3,1,6,1,1,3,3,2,1
ERIC BENET - ERIC BENET,6,5,5,4,4,2,1,6,3,6,1,4
GALACTIC EMPIRE - EPISODE II,481,63,48,50,26,26,15,24,15,19,23,10
"ECHO & THE BUNNYMEN - THE STARS, THE OCEANS & THE MOON",699,175,79,44,37,21,26,32,24,16,9,14
EIGHTEEN VISIONS - XVIII,503,76,44,28,22,13,18,16,8,14,10,6
CELTIC FROST - TO MEGA THERION,31,15,11,13,13,9,16,11,15,7,15,9
FERGIE - DOUBLE DUTCHESS,242,194,268,232,150,118,148,163,166,121,103,92
FISCHER-Z - BUILDING BRIDGES,93,35,21,13,18,12,11,16,4,13,10,6
GRANGER SMITH - WHEN THE GOOD GUYS WIN,5676,1105,516,390,329,280,206,207,295,183,176,168
DANCE GAVIN DANCE - MOTHERSHIP,3593,858,433,307,236,231,199,155,140,143,154,315
DUSTIN LYNCH - CURRENT MOOD,8497,1827,1253,912,739,567,484,485,1057,851,452,294
NICKELBACK - FEED THE MACHINE,27252,6584,3989,2649,2022,1748,1494,1286,1054,914,2032,1873
TILIAN - THE SKEPTIC,326,47,38,20,24,21,13,17,15,24,17,19
HINDER - WHEN THE SMOKE CLEARS,26,20,14,19,7,13,16,31,12,23,15,16
CARL PALMER'S ELP LEGACY - LIVE,32,8,4,6,5,6,3,2,5,4,1,3
AMANDA SHIRES - MY PIECE OF LAND,626,233,128,115,107,58,57,51,55,42,99,86
CASEY - WHERE I GO WHEN I AM SLEEPING,98,16,11,3,5,2,2,2,2,4,1,1
JETHRO TULL - JETHRO TULL - THE STRING QUARTETS,539,143,91,71,45,36,16,24,19,26,25,11
PLAY69 - BABYLON,647,115,59,46,22,12,14,16,13,10,13,21
RICHARD ASHCROFT - NATURAL REBEL,2552,518,225,143,94,61,63,57,92,114,65,59
"VARIOUS ARTISTS - MUSCLE SHOALS: SMALL TOWN, BIG SOUND",701,195,108,92,94,87,88,85,57,49,53,43
THE KINKS - ARTHUR OR THE DECLINE AND FALL OF THE BRITISH EMPIRE,182,13,7,7,8,3,3,2,5,2,8,4
CROWN THE EMPIRE - RETROGRADE,3926,956,508,423,343,266,263,216,172,145,138,137
VARIOUS ARTISTS - ELAINE PAIGE PRESENTS SHOWSTOPPERS FROM THE MUSICALS,205,99,55,22,26,16,8,7,5,2,4,4
BOB MARLEY & THE WAILERS - THE LEGEND LIVE - SANTA BARBARA COUNTY BOWL: NOVEMBER 25TH 1979,58,455,94,64,59,49,30,26,20,24,26,20
THOUSAND BELOW - THE LOVE YOU LET TOO CLOSE,558,107,63,41,37,28,28,21,16,19,19,24
SEVENDUST - ALL I SEE IS WAR,5615,1095,497,423,285,246,218,192,205,190,179,124
KREATOR - EXTREME AGGRESSION,5,23,28,15,10,4,9,6,4,12,3,8
THE BEAT - HARD TO BEAT,58,33,17,32,17,26,32,24,15,15,16,26
SIMPLY RED - SYMPHONICA IN ROSSO,673,190,108,86,88,88,55,47,40,35,24,28
DIO - KILLING THE DRAGON,33,16,10,7,8,10,12,1,5,8,6,10
KELE OKEREKE - FATHERLAND,159,36,25,11,7,13,13,3,4,4,6,6
THEO LAWRENCE & THE HEARTS - HOMEMADE LEMONADE,95,53,49,51,68,27,26,31,19,12,11,11
SUICIDE - SUICIDE,5,10,7,8,6,6,20,12,10,9,12,10
GRANDMASTER FLASH - GRANDMASTER FLASH PRESENTS: SALSOUL JAM 2000,1,9,9,14,2,15,7,12,6,9,8,5
VARIOUS ARTISTS - WEST END EDITS: MEDLAR,34,11,8,4,5,3,4,1,2,5,4,4
RSO - RISE,1496,248,91,68,60,63,53,39,43,51,40,106
METRIC - ART OF DOUBT,2106,491,287,233,179,170,140,132,146,124,82,79
GOLDFRAPP - BLACK CHERRY,10,9,6,5,6,4,8,10,3,4,4,1
DANCE GAVIN DANCE - ARTIFICIAL SELECTION,3122,516,310,215,167,149,148,104,95,87,76,66
THE BAMBOOS - NIGHT TIME PEOPLE,119,27,24,11,15,9,7,10,5,1,2,2
MIKE + THE MECHANICS - LIVING YEARS,5,6,6,5,5,12,7,15,8,11,20,18
DHANI HARRISON - IN///PARALLEL,128,81,74,45,48,32,35,27,19,11,20,14
SULLY ERNA - HOMETOWN LIFE,1121,235,156,135,129,78,78,86,42,33,28,27
AUSTIN MAHONE - THIS IS NOT THE ALBUM,173,82,60,49,39,31,33,32,146,129,34,21
ASH - ISLANDS,72,11,11,5,7,5,3,2,3,4,3,4
HOT WATER MUSIC - LIVE IN CHICAGO,44,11,14,6,9,10,8,3,3,3,3,2
GARY NUMAN - SAVAGE (SONGS FROM A BROKEN WORLD),3036,951,412,731,339,223,183,137,132,159,260,291
CARNAGE - BATTERED BRUISED & BLOODY,280,59,31,22,13,9,9,13,3,5,6,5
KATHARINE MCPHEE - LIVE ON SOUNDSTAGE,15,3,2,1,4,4,3,4,13,9,4,5
VARIOUS ARTISTS - LEVI ROOTS PRESENTS REGGAE REGGAE HITS,760,616,321,161,103,83,84,36,17,15,23,16
FRANCESCO GABBANI - MAGELLANO,54,34,27,29,29,39,32,18,24,31,31,12
REJJIE SNOW - DEAR ANNIE,335,83,56,44,40,61,32,30,29,25,13,14
LOREEN - RIDE,244,56,18,16,25,13,10,11,13,5,13,8
YOU ME AT SIX - NIGHT PEOPLE,937,168,58,54,43,32,23,31,27,56,28,26
HOT WATER MUSIC - NO DIVISION - EXPANDED EDITION,6,12,3,5,5,6,6,5,4,2,9,7
CABBAGE - THE EXTENDED PLAY OF CRUELTY,110,25,20,26,16,18,5,3,6,5,6,9
RICHARD CLAYDERMAN - THE VERY BEST OF RICHARD CLAYDERMAN,27,33,37,32,35,41,31,33,28,43,26,25
RAHEEM DEVAUGHN - DECADE OF A LOVE KING,550,274,146,112,97,90,63,49,83,82,45,48
MIKE + THE MECHANICS - THE ROAD,4,2,2,3,6,9,7,7,6,8,32,15
KATIE MELUA - ULTIMATE COLLECTION,801,355,167,285,405,263,132,118,137,104,101,114
KNUCKLE PUCK - SHAPESHIFTER,1101,247,131,85,69,54,43,44,34,39,61,54
DAVID CROSBY - SKY TRAILS,713,213,209,109,139,116,67,65,53,52,31,36
"EMERSON, LAKE & PALMER - EMERSON, LAKE & PALMER",47,29,7,7,7,15,3,10,19,17,4,10
CALI - CALI CHANTE LéO FERRé,83,20,11,15,11,15,7,3,13,3,4,2
NINA SIMONE - MOOD INDIGO: THE COMPLETE BETHLEHEM SINGLES,49,54,58,41,21,10,5,1,5,3,2,2
THE LIVING END - WUNDERBAR,687,118,93,74,63,52,44,19,13,11,12,17
ADVENTURE CLUB - RED // BLUE,1216,239,115,120,94,72,59,42,38,39,32,25
MIKE + THE MECHANICS - THE SINGLES 1985 - 2014 + RARITIES,23,22,28,42,48,52,42,48,68,46,89,66
FRANCESCO GABBANI - OCCIDENTALI'S KARMA - REMIXES,93,91,31,14,11,9,6,5,6,1,4,5
KATIE MELUA - IN WINTER,3518,1403,691,586,462,458,699,564,1132,1172,2427,380
THE RAVEN AGE - DARKNESS WILL RISE,510,127,69,46,38,27,29,32,21,31,35,39
IT PREVAILS - CAPTURE AND EMBRACE,5,7,3,1,1,3,2,2,1,1,1,3
VARIOUS ARTISTS - THE HIT FACTORY ULTIMATE COLLECTION,101,630,264,108,58,31,111,61,30,29,21,19
DAILEY & VINCENT - THE SOUNDS OF CHRISTMAS,58,22,36,42,34,46,47,88,63,53,86,4
MIKE LOVE - UNLEASH THE LOVE,117,36,26,27,10,15,9,4,5,6,4,4
NAZARETH - LOUD & PROUD! ANTHOLOGY,17,6,10,2,5,5,3,1,3,1,1,1
BALANCE AND COMPOSURE - LIGHT WE MADE,564,123,52,44,45,43,34,32,22,34,17,38
LINA - EGO,481,160,101,92,101,81,94,178,78,64,67,63
PER GESSLE - SMALL TOWN TALK,240,42,32,19,17,18,10,7,8,7,1,2
THE WATERBOYS - OUT OF ALL THIS BLUE,656,196,102,70,61,68,81,55,36,31,30,10
DUSTIN KENSRUE - MORE THOUGHTS THAT FLOAT ON A DIFFERENT BLOOD,187,42,20,16,20,11,13,15,9,10,6,8
MIKE + THE MECHANICS - THE SINGLES 1985 - 2014,21,19,27,26,36,38,34,53,52,38,61,53
BLINK-182 - CALIFORNIA,48363,17211,9223,5499,4418,3142,2806,4690,3791,5010,1661,1524
RICHARD CLAYDERMAN - THE ANDREW LLOYD WEBBER COLLECTION,4,3,7,2,2,3,2,1,3,2,2,1
"MOLOKO - ALL BACK TO THE MINE: VOL, 1: A COLLECTION OF REMIXES",12,13,4,1,2,6,5,3,8,5,4,1
"EMERSON, LAKE & PALMER - THE ANTHOLOGY",63,66,37,23,19,28,7,8,7,8,9,6
GOOD HARVEST - IN A LIFE AND PLACE LIKE THIS,80,12,9,10,7,1,7,4,2,4,4,4
VARIOUS ARTISTS - SALSOUL: THE CLUB REMIXES,84,29,10,12,8,14,7,8,5,4,9,5
WHITE LIES - FRIENDS,551,134,65,52,49,42,36,31,25,24,41,40
MADEINTYO - TRUE'S WORLD,828,204,111,48,43,47,22,24,18,11,11,16
MANDO DIAO - GOOD TIMES,1273,528,214,172,110,90,137,102,106,66,35,33
MORRISSEY - LOW IN HIGH SCHOOL,5941,836,477,259,281,260,194,144,149,137,118,104
"SONDASCHULE - SCHERE, STEIN, PAPIER (AKUSTIK ALBUM)",110,24,10,13,4,9,8,5,5,6,7,1
BLACK SABBATH - THE ULTIMATE COLLECTION,448,159,128,107,72,75,53,41,63,83,74,91
THE DEVIL WEARS PRADA - TRANSIT BLUES,2251,468,245,189,125,112,80,68,63,48,51,121
TINA DICO - FASTLAND,353,93,55,50,35,17,21,28,15,159,26,21
RICHARD CLAYDERMAN - STAGE MUSICAL FAVOURITES,8,9,1,4,5,6,4,4,2,4,5,1
VARIOUS ARTISTS - READY STEADY GO - THE SIXTIES,66,32,12,4,12,11,4,5,2,1,2,5
MIKE LOVE - REASON FOR THE SEASON,37,84,26,21,200,62,34,34,33,3,2,2
MAYER HAWTHORNE - MAN ABOUT TOWN,11,5,12,9,16,12,9,7,14,16,10,11
RAINHARD FENDRICH - SCHWARZODERWEISS,1143,312,268,179,121,92,80,50,70,42,46,173
CEZARY SKUBISZEWSKI - PICNIC AT HANGING ROCK,6,3,2,3,1,6,1,3,2,3,10,3
RSO - MAKING HISTORY,690,144,97,67,44,43,34,29,69,29,28,21
LE SOLDAT ROSE - LE SOLDAT ROSE à LA FABRIQUE DE JOUETS,133,51,44,54,60,31,16,8,6,10,7,16
"SONDASCHULE - SCHERE, STEIN, PAPIER",503,108,61,61,46,30,29,33,37,39,17,14
VARIOUS ARTISTS - SIR MICHAEL PARKINSON / OUR KIND OF MUSIC / THE GREAT AMERICAN SONGBOOK,141,70,24,12,59,7,5,2,4,1,1,7
NAKHANE - YOU WILL NOT DIE,14,16,13,6,8,3,1,9,10,8,4,3
MEMPHIS MAY FIRE - BROKEN,1221,249,95,107,90,81,81,61,70,67,63,39
NICK CAVE & THE BAD SEEDS - LOVELY CREATURES - THE BEST OF NICK CAVE AND THE BAD SEEDS (1984-2014),1091,332,179,149,143,102,117,108,84,53,50,59
LINDSAY ELL - THE CONTINUUM PROJECT,600,247,170,108,77,59,68,49,42,36,30,30
MADNESS - FULL HOUSE - THE VERY BEST OF MADNESS,337,192,76,36,36,83,53,25,50,46,52,32
BRING ME THE HORIZON - 2004 - 2013,20,8,9,5,5,4,6,6,4,4,6,6
KONTRA K - ERDE & KNOCHEN,6514,1411,913,661,617,556,526,391,309,246,299,285
DMA'S - FOR NOW,118,28,10,8,8,9,4,6,7,6,5,3
CHRIS ISAAK - CHRIS ISAAK CHRISTMAS LIVE ON SOUNDSTAGE,39,16,25,36,46,41,108,9,4,3,1,1
"EMERSON, LAKE & PALMER - WORKS VOLUME 2",155,16,8,7,10,11,5,7,10,4,4,3
KONTRA K - GUTE NACHT,8461,1712,994,635,492,516,613,394,484,394,280,297
MAYDAY PARADE - SUNNYLAND,1842,360,196,139,99,106,98,104,78,64,64,52
CAMO & KROOKED - MOSAIK,690,170,92,63,44,58,46,37,30,42,45,38
MICHAEL MCDONALD - SEASON OF PEACE - THE CHRISTMAS COLLECTION,51,16,15,11,15,68,73,183,120,220,134,7
MAKE THEM SUFFER - WORLDS APART,822,175,96,69,51,35,28,23,39,22,24,27
WATERS - SOMETHING MORE!,123,28,33,32,17,15,16,10,6,3,2,1
A PERFECT CIRCLE - EAT THE ELEPHANT,26241,4943,2349,1512,1165,976,813,770,707,623,472,415
RICHARD CLAYDERMAN - MOVIE FAVOURITES,23,8,18,7,13,9,9,8,7,6,8,4
"MAX GIESINGER - DER JUNGE, DER RENNT",14,42,78,83,119,131,106,93,93,79,93,87
"JENNIFER WARNES - ANOTHER TIME, ANOTHER PLACE",119,80,32,17,11,20,15,11,18,16,5,13
LINA - OFFICIAL,1,12,11,15,17,21,19,18,17,15,5,5
JIMMIE ALLEN - MERCURY LANE,764,397,268,362,257,297,222,174,153,193,223,130
TAKE ME TO RIO COLLECTIVE - TAKE ME TO RIO,362,272,201,66,29,28,21,16,15,8,3,4
THE MOVIELIFE - CITIES IN SEARCH OF A HEART,289,40,9,7,4,9,7,6,7,1,4,5
HERCULES & LOVE AFFAIR - OMNION,320,72,42,22,8,15,13,15,8,15,13,22
THE KINKS - THE KINK KONTROVERSY,94,12,5,7,8,3,3,3,5,4,2,3
CLARE BOWEN - CLARE BOWEN,269,54,30,15,10,4,6,4,7,8,4,2
MIDGE URE - ORCHESTRATED,1197,217,142,116,107,124,153,325,218,87,47,33
OF MICE & MEN - COLD WORLD,6088,963,553,407,314,239,193,369,135,119,120,91
BIG K.R.I.T. - 4EVA IS A MIGHTY LONG TIME,11510,3206,1563,1702,721,430,406,309,352,310,228,174
THE KINKS - FACE TO FACE,150,15,4,3,9,3,6,2,9,4,6,7
NICKI & FREDDI / THE SIXTIES - KU'DAMM 59,958,472,138,92,56,28,45,22,13,11,11,13
ALABAMA - AMERICAN CHRISTMAS,204,47,52,79,76,97,241,313,212,177,158,152
TOM MORELLO - THE ATLAS UNDERGROUND,357,64,29,28,16,13,14,22,11,5,8,10
"EMERSON, LAKE & PALMER - WELCOME BACK MY FRIENDS TO THE SHOW THAT NEVER ENDS - LADIES AND GENTLEMEN",159,26,10,14,9,5,6,11,9,22,29,13
GONE IS GONE - ECHOLOCATION,557,158,74,71,39,23,30,26,23,12,15,13
MIKE + THE MECHANICS - MIKE + THE MECHANICS (M6),1,1,2,2,2,3,1,6,5,7,8,3
KYLIE MINOGUE - GOLDEN,14053,3179,2012,1306,860,622,405,500,353,440,611,448
CHAPEL - SUNDAY BRUNCH,134,27,57,34,17,38,20,16,10,9,12,7
HOT WATER MUSIC - FOREVER AND COUNTING - EXPANDED EDITION,1,7,6,4,6,5,3,6,3,2,4,7
ERASURE - SINGLES - EBX3,43,12,6,7,5,5,10,10,11,6,7,12
JOAN ARMATRADING - NOT TOO FAR AWAY,754,245,121,87,67,63,50,49,41,24,15,12
IRON MAIDEN - FLIGHT 666,16,12,16,9,6,5,3,11,7,8,4,6
311 - MOSAIC,6064,1490,722,470,405,311,279,215,198,161,119,108
"EMERSON, LAKE & PALMER - PICTURES AT AN EXHIBITION",136,59,21,18,9,15,11,13,19,19,11,10
DAVID CROSBY - HERE IF YOU LISTEN,720,175,106,106,61,49,70,42,52,41,32,34
RSO - RADIO FREE AMERICA,249,69,33,26,16,23,20,23,10,23,16,15
"EMERSON, LAKE & PALMER - TARKUS",35,18,12,9,11,15,6,12,25,16,13,18
BLESSTHEFALL - HARD FEELINGS,1774,380,179,144,86,97,79,89,60,47,43,60
FRANCESCO GABBANI - MAGELLAN,418,142,90,61,38,50,41,43,31,29,37,35
LENNY KRAVITZ - RAISE VIBRATION,11521,2478,1229,1310,607,669,381,415,280,247,198,165
PARMALEE - PARTY PACK,171,36,24,16,13,6,13,8,5,14,11,6
PRETENDERS - ALONE,1173,398,230,156,148,125,99,92,75,88,70,45
DRENGE - AUTONOMY,67,9,6,10,4,1,4,3,3,3,5,4
PARMALEE - 27861,23,43,42,41,35,39,28,43,31,18,17,16
HOT WATER MUSIC - FUEL FOR THE HATE GAME - EXPANDED EDITION,6,10,9,7,8,5,7,6,8,1,6,9
VARIOUS ARTISTS - EXTEND THE 80S - GROOVE,13,7,8,6,9,5,3,5,4,1,8,6
MEMPHIS MAY FIRE - THIS LIGHT I HOLD,2818,623,334,232,172,164,128,128,250,149,143,121
BLINDWISH - GOOD EXCUSES,79,12,3,3,3,1,1,1,1,2,1,2
LE SOLDAT ROSE - LE SOLDAT ROSE 2,3,2,3,4,3,6,2,2,1,2,2,7
"PVRIS - ALL WE KNOW OF HEAVEN, ALL WE NEED OF HELL",6321,903,522,403,406,351,336,241,256,181,189,168
ALICE IN CHAINS - RAINIER FOG,10007,2283,1165,737,529,375,375,311,293,281,294,219
SCARFACE - DEEPLY ROOTED: THE LOST FILES,1593,418,192,135,84,42,83,48,28,32,33,27
ERASURE - SINGLES – EBX6,70,19,8,6,2,6,12,5,2,3,4,5
BILLY TALENT - AFRAID OF HEIGHTS,313,203,105,76,79,84,76,43,42,46,32,33
IDK - IWASVERYBAD,267,54,36,19,13,6,5,8,7,16,24,15
LINA - R3BELLIN,337,94,59,83,43,53,91,62,28,40,25,25
BRIAN WILSON - BRIAN WILSON AND FRIENDS,77,56,49,34,26,37,24,18,10,11,6,12
THE CRANBERRIES - SOMETHING ELSE,4341,1159,545,385,222,179,143,118,108,113,104,115
SUPER FURRY ANIMALS - THE BEST OF,87,17,32,13,15,19,16,7,6,4,4,6
JACK SAVORETTI - SLEEP NO MORE,38,23,27,28,21,20,26,28,15,21,20,18
HINDER - THE REIGN,897,182,95,99,62,47,46,47,53,79,57,74
SILVERSTEIN - THE AFTERGLOW / AQUAMARINE,65,3,7,5,3,4,2,4,3,4,3,2
"DEATH SPELLS - NOTHING ABOVE, NOTHING BELOW",296,50,40,29,20,39,26,17,10,7,7,7
MICHAEL MCDONALD - WIDE OPEN,1705,332,260,189,186,142,149,147,143,81,48,52
VALLEYHEART - NOWADAYS,67,16,6,3,6,2,1,3,1,3,4,4
THE PRODIGY - NO TOURISTS,9937,2113,999,852,738,654,440,1250,679,391,519,282
KREATOR - TERRIBLE CERTAINTY,6,16,22,10,5,5,4,5,3,5,6,6
FEEDER - THE BEST OF,537,89,45,44,15,15,16,16,5,12,7,10
AMERICAN NIGHTMARE - AMERICAN NIGHTMARE,227,39,24,32,7,7,2,6,2,5,6,2
ELISE LEGROW - PLAYING CHESS,121,146,60,51,22,103,12,12,8,5,11,66
"EMERSON, LAKE & PALMER - BLACK MOON",17,9,4,6,7,5,2,3,2,2,3,3
THE GOSPEL YOUTH - ALWAYS LOSE,153,44,25,20,11,9,6,6,8,20,12,6
RICK ASTLEY - BEAUTIFUL LIFE,2419,1060,553,414,230,195,131,195,150,327,367,220
VARIOUS ARTISTS - RUDEBOY: THE STORY OF TROJAN RECORDS,34,3,4,4,7,5,4,2,3,4,4,1
AUSTIN MAHONE - FORME+YOU,2110,280,175,130,99,108,97,121,67,97,63,45
LP - LOST ON YOU,2737,1223,1004,723,1002,700,526,802,642,468,386,359
MARTINA MCBRIDE - HAPPY HOLIDAY/IT'S THE HOLIDAY SEASON,230,69,186,103,116,149,133,156,137,174,10,2
MIKE + THE MECHANICS - LET ME FLY,2933,846,424,308,183,157,176,175,170,170,390,210
THE KINKS - SOMETHING ELSE BY THE KINKS,197,14,4,6,14,5,3,5,7,3,4,4
MY INDIGO - MY INDIGO,804,190,100,72,53,36,35,15,28,24,34,23
ALBERT HAMMOND - IN SYMPHONY,250,215,62,35,13,16,13,11,16,13,13,10
HOLLYWOOD UNDEAD - FIVE,9472,1797,1043,1392,936,535,416,446,1018,611,450,286
LESLIE ODOM JR. - SIMPLY CHRISTMAS,639,413,497,444,1573,1757,1537,1111,806,48,21,8
"EMERSON, LAKE & PALMER - BRAIN SALAD SURGERY",25,12,17,27,21,20,31,33,25,172,192,68
KUBLAI KHAN - NOMAD,494,107,62,38,35,33,18,23,28,27,21,30
BLACK SABBATH - THE TEN YEAR WAR,16,13,14,16,5,16,4,10,10,8,9,18
BAD SUNS - DISAPPEAR HERE,1413,288,219,140,126,179,128,89,77,70,71,70
KATIE MELUA - IN WINTER (SPECIAL EDITION),170,97,49,65,94,91,79,30,14,14,6,9
RICHARD CLAYDERMAN - THE ABBA COLLECTION,10,4,2,3,3,5,7,4,2,3,4,4
HANSON - FINALLY IT’S CHRISTMAS,3635,712,666,803,1566,1740,1610,986,502,38,21,9
THE CROSSRHODES - FOOTPRINTS ON THE MOON,206,56,34,27,23,26,20,15,20,7,4,3
FIRE FROM THE GODS - NARRATIVE,699,481,367,299,245,187,145,158,122,117,111,95
"VARIOUS ARTISTS - THE DR. PACKER SALSOUL REWORKS, VOL. 2",55,25,27,12,12,16,10,6,11,8,8,10
ACCEPTANCE - COLLIDING BY DESIGN,1289,222,107,80,68,42,41,28,25,32,24,26
THE DAMNED - DAMNED DAMNED DAMNED,13,11,15,20,21,33,20,27,25,39,28,22
THE GLORIOUS SONS - YOUNG BEAUTIES AND FOOLS,12,24,31,23,13,16,15,19,33,23,17,22
GABRIELLE - UNDER MY SKIN,2007,334,211,91,75,55,71,92,32,113,51,39
RICHARD CLAYDERMAN - 50 WEDDING FAVOURITES,19,20,18,11,9,12,2,15,9,12,5,3
JAMES - LIVING IN EXTRAORDINARY TIMES,2038,380,186,111,100,52,56,55,35,31,43,21
MARIANNE FAITHFULL - NEGATIVE CAPABILITY,1543,487,302,148,103,121,95,115,94,57,41,33
SIMPLE MINDS - WALK BETWEEN WORLDS,825,411,223,184,176,125,113,82,75,72,99,125
ELOHIM - ELOHIM,303,69,40,33,22,31,25,35,17,22,17,14
GALACTIC EMPIRE - GALACTIC EMPIRE,2200,476,260,165,107,86,59,60,59,77,89,66
MIKE + THE MECHANICS - BEGGAR ON A BEACH OF GOLD,8,6,7,10,7,8,4,11,8,7,16,10
GOOD CHARLOTTE - GENERATION RX,2671,379,393,141,94,88,108,73,87,58,45,29
THE MANHATTAN TRANSFER - THE JUNCTION,447,170,93,80,111,89,37,24,57,59,41,32
FRANK IERO AND THE PATIENCE - KEEP THE COFFINS COMING,287,49,24,14,10,13,16,11,13,14,7,10
THE BEAT - I JUST CAN'T STOP IT,1,9,6,7,2,12,16,9,8,12,11,11
VARIOUS ARTISTS - BABYLON BERLIN OST,530,139,91,72,70,71,51,32,33,48,138,147
HANNI & NANNI - MEHR ALS BESTE FREUNDE (OFFICIAL SOUNDTRACK),50,97,37,32,45,53,50,26,35,15,9,10
TRANSVIOLET - VALLEY,83,24,10,10,65,41,15,3,6,5,13,10
MAKEOUT - THE GOOD LIFE,208,47,20,14,13,11,21,18,11,19,14,11
SEASICK STEVE - CAN U COOK?,547,122,97,64,131,50,66,51,18,19,26,17
ATTACK ATTACK! - ATTACK ATTACK! DELUXE REISSUE,4,11,4,2,3,2,6,9,8,6,1,3
DON MCLEAN - BOTANICAL GARDENS,50,14,14,8,7,1,3,3,1,2,3,2
"THE KINKS - LOLA VERSUS POWERMAN AND THE MONEYGOROUND, PT. 1",173,18,6,12,11,5,4,2,6,5,5,4
LEELA JAMES - DID IT FOR LOVE,1641,583,417,268,302,211,201,147,121,113,108,94
DIO - MASTER OF THE MOON,24,20,18,15,5,7,6,7,4,6,11,12
GARY MOORE - BLUES AND BEYOND,237,123,114,96,107,93,66,93,62,55,58,60
KREATOR - COMA OF SOULS,42,23,9,9,10,5,6,3,4,9,7,6
BILLY CORGAN - OGILALA,1620,549,151,148,272,181,101,87,89,66,88,98
VARIOUS ARTISTS - DIMITRI FROM PARIS PRESENTS SALSOUL MASTERMIX,36,41,28,29,22,14,17,9,7,18,17,15
CYPRESS HILL - ELEPHANTS ON ACID,4729,852,450,311,259,237,190,201,240,171,168,132
THE FLATLINERS - INVITING LIGHT,420,81,70,33,31,25,12,23,14,17,16,15
SPARKS - HIPPOPOTAMUS,157,60,30,32,29,33,19,10,15,8,9,5
VARIOUS ARTISTS - THIS IS TROJAN BOSS REGGAE,22,13,2,6,6,3,5,6,10,7,4,2
"EMERSON, LAKE & PALMER - WORKS VOLUME 1",182,22,7,12,13,10,7,8,4,6,5,5
CANE HILL - TOO FAR GONE,515,101,59,46,43,43,29,25,31,28,30,104
TEXAS - JUMP ON BOARD,2900,901,422,294,192,145,114,136,90,83,119,74
MARC ALMOND - SHADOWS AND REFLECTIONS,436,146,56,63,42,38,19,14,4,4,13,15
"EMERSON, LAKE & PALMER - TRILOGY",32,16,19,27,20,24,20,22,21,85,131,46
JOHN FOGERTY - PREMONITION,1,4,3,2,6,6,5,11,10,12,8,18
INDIA.ARIE - SONGVERSATION: MEDICINE,906,306,230,182,123,122,135,155,100,117,109,90
TALOS - WILD ALEE,2,1,5,5,3,4,1,5,8,3,8,3
RIFF RAFF - PEACH PANTHER,101,78,85,71,53,64,46,40,40,32,31,29
CHASE RICE - LAMBS & LIONS,4440,700,471,302,278,717,528,226,201,190,158,141
HOT WATER MUSIC - LIGHT IT UP,1182,214,130,100,94,57,53,31,40,25,24,34
GOLD - CALICOBA,6,5,4,5,2,5,4,5,4,1,1,4
KATHARINE MCPHEE - I FALL IN LOVE TOO EASILY,983,488,196,132,97,63,96,43,95,60,29,29
CANE HILL - SMILE,464,118,95,40,38,44,31,41,29,21,19,22
"VARIOUS ARTISTS - THE DR. PACKER SALSOUL REWORKS, VOL. 1",80,156,34,30,23,25,14,20,18,11,10,10
MAX GIESINGER - DIE REISE,3214,689,465,350,397,221,252,188,186,141,124,128
PETULA CLARK - FROM NOW ON,191,58,66,48,21,20,46,14,10,16,1,4
LAMBERT & DEKKER - WE SHARE PHENOMENA,35,13,4,9,3,5,7,2,3,5,3,3
TYLER CARTER - LEAVE YOUR LOVE,7,8,6,4,2,6,12,9,3,2,5,3
CHARLIE WINSTON - SQUARE 1,163,43,20,12,19,11,6,11,6,4,12,45
SEVEN - 4COLORS,151,39,20,29,19,19,10,11,12,25,6,9
CABBAGE - NIHILISTIC GLAMOUR SHOTS,247,31,46,9,13,13,6,3,2,7,3,2
RICHARD CLAYDERMAN - AT HOME WITH RICHARD CLAYDERMAN,3,5,1,1,14,5,4,2,2,5,3,3
RUNAWAY JUNE - RUNAWAY JUNE  - EP,64,16,24,17,12,10,8,10,14,8,6,2
VARIOUS ARTISTS - A TRIBUTE TO DAN FOGELBERG,1781,214,121,65,155,97,90,47,35,32,42,28
MAKE THEM SUFFER - OLD SOULS & LORD OF WOE,201,36,29,33,36,25,19,18,17,15,13,19
PALISADES - MIND GAMES,15,15,8,15,9,14,18,13,10,13,15,11
DALEY - THE SPECTRUM,855,232,181,109,123,107,65,59,48,54,40,56
CRAIG CAMPBELL - SEE YOU TRY,234,56,50,45,37,35,32,31,21,36,29,27
JOHN FOGERTY - BLUE MOON SWAMP,27,13,18,14,27,46,29,24,23,17,23,25
VARIOUS ARTISTS - KING OF THE ROAD: A TRIBUTE TO ROGER MILLER,1018,309,163,66,54,35,30,15,13,10,16,13
VARIOUS ARTISTS - THIS IS TROJAN ROOTS,9,2,3,2,2,2,6,1,1,1,2,2
VARIOUS ARTISTS - TRIBUTE TO STEVE GOODMAN,2,2,2,2,2,1,1,2,12,3,2,3
DANIEL LIONEYE - VOL. III,53,20,6,7,8,3,4,4,1,2,5,3
DAVE CLARKE - THE DESECRATION OF DESIRE,154,29,14,13,7,7,7,8,7,3,6,1
SILVERSTEIN - DEAD REFLECTION,1732,360,260,132,115,118,91,81,62,60,56,57
URIAH HEEP - THE MAGICIAN'S BIRTHDAY,99,28,21,20,19,14,16,20,9,14,17,14
WE THE KINGS - SIX,948,127,95,65,62,44,76,28,31,17,13,12
LIKE MOTHS TO FLAMES - DARK DIVINE,777,145,111,78,51,42,58,74,32,28,22,37
URIAH HEEP - SALISBURY,87,29,19,16,23,22,14,12,15,11,9,12
JACOB WHITESIDES - WHY?,1225,158,116,59,55,32,41,25,17,25,92,63
MICHAEL MCDONALD - LIVE ON SOUNDSTAGE,88,9,5,1,2,13,23,3,4,12,12,5
MAYA JANE COLES - TAKE FLIGHT,586,213,137,72,59,46,40,54,49,31,25,22
LINDSAY ELL - THE PROJECT,93,64,77,65,102,71,68,99,48,63,66,95
DANNY GOKEY - RISE,2178,835,342,315,445,602,290,202,221,194,169,238
INDIA.ARIE - SONGVERSATION,7,9,9,17,15,14,16,14,7,5,13,10
BRYAN FERRY - AVONMORE - THE REMIX ALBUM,80,22,12,11,9,2,2,7,2,2,4,3
MARTINE MCCUTCHEON - LOST AND FOUND,743,320,120,98,25,23,10,13,8,11,9,4
CHELSEA GRIN - ETERNAL NIGHTMARE,1189,264,187,110,119,92,64,67,65,49,42,43
FIRE FROM THE GODS - NARRATIVE RETOLD,294,98,59,53,43,52,52,57,44,43,33,31
URIAH HEEP - DEMONS AND WIZARDS,129,47,29,33,32,26,25,17,23,14,21,24
DEREK SMALLS - SMALLS CHANGE (MEDITATIONS UPON AGEING),68,23,23,11,5,9,9,9,10,5,7,17
VARIOUS ARTISTS - MORE MONKEY BUSINESS,1,1,2,1,1,2,5,2,6,6,3,1
EVANESCENCE - SYNTHESIS,9537,1336,688,635,437,413,512,425,270,296,253,231
OMIK K - COñO,97,9,3,5,4,2,2,2,2,1,1,1
REJJIE SNOW - THE MOON & YOU,26,13,3,6,15,3,4,4,6,6,1,5
ADORO - IRGENDWO AUF DER WELT,178,68,60,66,73,18,13,5,3,1,23,4
THE ACACIA STRAIN - GRAVEBLOOM,1205,193,155,99,72,53,47,49,29,33,34,11
IRON MAIDEN - THE BOOK OF SOULS: LIVE CHAPTER,723,115,57,40,46,57,35,24,21,23,17,15
PALISADES - PALISADES,1333,280,157,159,193,174,166,171,169,213,228,195
"MOLOKO - ALL BACK TO THE MINE, VOL. 2: A COLLECTION OF REMIXES",6,10,6,5,1,4,2,1,8,5,4,1
VARIOUS ARTISTS - EXTEND THE 80S - POP,25,8,3,5,8,1,3,2,6,4,4,3
BERT JANSCH & JOHN RENBOURN - BERT & JOHN,2,4,2,1,2,1,2,1,1,3,1,1
MIKE + THE MECHANICS - WORD OF MOUTH,4,2,3,4,7,4,3,3,6,6,10,4
PETER DOHERTY - HAMBURG DEMONSTRATIONS,1476,390,219,190,139,103,85,62,57,62,55,55
GONE IS GONE - GONE IS GONE,809,151,78,76,50,32,48,26,28,15,15,30
ANN WILSON - IMMORTAL,574,120,73,64,31,23,17,26,23,8,12,16
CHELSEA GRIN - SELF INFLICTED,1826,422,249,214,155,144,107,89,85,94,70,63
DEREZ DE’SHON - PAIN,32,52,49,46,27,30,22,26,35,88,62,47
DIO - MAGICA,23,12,10,10,6,13,11,8,5,6,9,17
BLACK PEAKS - ALL THAT DIVIDES,358,41,21,31,25,23,14,10,11,15,14,17
CORONER - GRIN,4,10,8,9,4,5,4,5,2,5,3,3
OF MICE & MEN - DEFY,3866,917,457,375,310,265,240,173,195,170,179,166
CHELSEA GRIN - SELF INFLICTED DELUXE EDITION,72,70,61,59,33,24,16,34,50,27,34,38
VARIOUS ARTISTS - SKA ANTHEMS,1028,796,690,434,243,143,100,94,78,71,77,64
KID ROCK - SWEET SOUTHERN SUGAR,13379,3050,1800,1039,954,559,670,906,696,521,580,619
BLACK REBEL MOTORCYCLE CLUB - WRONG CREATURES,1197,282,216,158,118,104,74,47,64,37,34,26
VARIOUS ARTISTS - SKA & REGGAE CLASSICS,393,82,75,38,45,33,43,25,29,35,31,15
THE FAIM - SUMMER IS A CURSE,238,81,92,83,82,44,41,28,37,16,27,40
BLONDIE - POLLINATOR,3907,814,439,303,243,181,179,259,205,217,187,249
CARLOS RAFAEL RIVERA - GODLESS,57,24,18,16,6,12,14,16,20,10,15,16
MITCH KELLER - EINER DIESER TAGE,1,1,1,2,2,4,1,4,4,3,1,2
SHENANDOAH - RELOADED,135,36,21,7,13,10,11,7,3,3,6,4
CELTIC FROST - INTO THE PANDEMONIUM,17,17,7,10,6,5,9,10,15,10,7,8
